<?xml version="1.0" encoding="UTF-8"?>
<!DOCTYPE hibernate-configuration PUBLIC
        "-//Hibernate/Hibernate Configuration DTD 3.0//EN"
        "http://hibernate.org/dtd/hibernate-configuration-3.0.dtd">
<hibernate-configuration>
    <session-factory>
        <property name="connection.driver_class">com.mysql.jdbc.Driver</property>
        <property name="connection.url">jdbc:mysql://localhost:3306/sportyshoes</property>
        <property name="connection.username">root</property>
        <property name="connection.password">1234</property>
        <property name="connection.pool_size">1000</property>
        <property name="current_session_context_class">thread</property>
        <property name="show_sql">true</property>
        <property name="dialect">org.hibernate.dialect.MySQL5Dialect</property>
		<property name="cache.provider_class">org.hibernate.cache.internal.NoCacheProvider</property>
		<property name="hbm2ddl.auto">create</property>
        <mapping class="com.simplilearn.phase3.model.EProduct.class"/>
        <mapping class="com.simplilearn.phase3.model.User.class"/>
        <mapping class="com.simplilearn.phase3.model.purchase.class"/>
        
        
    </session-factory>
</hibernate-configuration>